\c capstone_dev;


INSERT INTO users (id, first_name, last_name, email, phone, address_1, address_2, city, zipcode, type) VALUES
('7d395d9c-76e1-4c5a-b7f5-0b708785836b',
 'Emily',
 'Jones',
 'ejones787@email.com',
 '9145567776',
 '602 14th street',
 '',
 'new york',
 '10206',
 'buyer'),
 ('9e6ef4fb-5574-4968-912a-ea28257d708e',
 'Robert',
 'Canned',
 'robcan@email.com',
 '1438536754',
 'st corner',
 'apt 5b',
 'turkey',
 '90909',
 'seller'),
 ('7710079e-a564-44f2-b6b6-1b2b3882a6ef',
 'Billy',
 'Andrews',
 'billydrews@hotmail.com',
 '8759037238',
 '5 country place',
 '',
 'Kansas City',
 '64121',
 'buyer'
 ),
 ('535c2d7e-c78b-47f3-b2c3-ab109f908dc5',
 'Morgan',
 'Stanley',
 'morganstanman@gmail.com',
 '9174561234',
 '434 Houston St',
 '',
 'New York',
 '10002',
 'seller'
 ),
 ('391adfb9-d5fa-4c4b-85ac-43b1a92d838b',
 'Ricardo',
 'Jimenez',
 'rickyjim@gmail.com',
 '6468784245',
 '312 168th Street',
 '',
 'New York',
 '10032',
 'seller'
 ),
 ('022378ae-b1c0-4750-9320-29ed9c653a4d',
 'Christopher',
 'Smith',
 'chrissmith447@gmail.com',
 '9176543444',
 '610 139th street',
 '',
 'New York',
 '10032',
 'buyer'
 ),
('bf83f4e0-530d-11ee-be56-0242ac120002',
'Ronnie',
'Fields',
'ronfields@gmail.com',
'4964868944',
'417 Green St',
'',
'Florida',
'32127',
'seller'
),
('7142ef7c-5310-11ee-be56-0242ac120002',
'Crystal',
'Hayden',
'crystalHayden@hotmail.com',
'5098486372',
'82 Mechanic Ave',
'',
'New York',
'14580',
'buyer');
INSERT INTO products (id, seller_id, product_name, product_image, product_cost, product_weight, unit_measurement, category, product_description, stock) VALUES
('908adff5-351d-471e-8296-6c6e1c82b9be',
'9e6ef4fb-5574-4968-912a-ea28257d708e',
'product',
'image',
'9.99',
'10',
'lbs',
'veggies',
'place holder data to see if joins / api calls work',
'50'),
('479a1150-a3f3-43f6-89e7-142e8b6943e6',
'9e6ef4fb-5574-4968-912a-ea28257d708e',
'bear',
'image',
'4.99',
'100',
'oz',
'raw meat',
'raw bear meat',
'15'),
('ef81a5a2-b012-45e2-8754-8539c32de3b2', 
'535c2d7e-c78b-47f3-b2c3-ab109f908dc5',
'quail eggs',
'https://media.istockphoto.com/id/468767896/photo/fresh-duck-hen-and-quail-eggs.jpg?s=612x612&w=is&k=20&c=KT2I87CS49hu5izaVcFuuT4l6yQECEaIOi_3NLJw3Z0=',
'23.25',
'1',
'lbs',
'Dairy',
'quail eggs',
'50'
),
('46471e87-ca06-4195-82c2-3979a1901f24',
'bf83f4e0-530d-11ee-be56-0242ac120002',
'red apple',
'https://images.unsplash.com/photo-1572166365087-96ac83103260?ixlib=rb-4.0.3&ixid=M3wxMjA3fDB8MHxwaG90by1wYWdlfHx8fGVufDB8fHx8fA%3D%3D&auto=format&fit=crop&w=1170&q=80',
'1.30',
'3.5',
'oz',
'Fruits',
'juicy red apple',
'20'
),
('e50a19a9-e730-457c-b8b3-c1cdcd736718',
'391adfb9-d5fa-4c4b-85ac-43b1a92d838b',
'duck eggs',
'https://i.ebayimg.com/images/g/UcEAAOSwmBhiRvQX/s-l960.png',
'6.29',
'13.8',
'oz',
'Dairy',
'duck eggs'
'24'
),
('18ff0258-5313-11ee-be56-0242ac120002',
'bf83f4e0-530d-11ee-be56-0242ac120002',
'mushroom',
'https://unsplash.com/photos/sAtSL8jak8Q',
'4.99',
'10',
'oz',
'Veggies',
'mushroom',
'15'
),

INSERT INTO orders (id, user_id, order_placed_at) VALUES
('21d70293-4ee5-4ce8-8fde-599047743451',
'7d395d9c-76e1-4c5a-b7f5-0b708785836b',
'10pm'),
('d848d6c5-6883-4ec0-8e04-d1f6bcec7884',
'7d395d9c-76e1-4c5a-b7f5-0b708785836b',
'11pm'),
('f684e1d6-225f-49c3-8ba9-306cd038f0bd',
'9e6ef4fb-5574-4968-912a-ea28257d708e',
'5pm');

INSERT INTO orders_products (id, order_id, product_id, quantity) VALUES
('96476349-ef6b-421d-a198-c5ab51f6c6dc',
'21d70293-4ee5-4ce8-8fde-599047743451',
'908adff5-351d-471e-8296-6c6e1c82b9be',
'5'),
('176b98a4-79a0-473e-a810-48797d07ccf9',
'd848d6c5-6883-4ec0-8e04-d1f6bcec7884',
'479a1150-a3f3-43f6-89e7-142e8b6943e6',
'4'),
('923d6578-f5c2-4e83-a139-1468239659d1',
'f684e1d6-225f-49c3-8ba9-306cd038f0bd',
'908adff5-351d-471e-8296-6c6e1c82b9be',
'7');

